Type,Name,Request Count,Failure Count,Median Response Time,Average Response Time,Min Response Time,Max Response Time,Average Content Size,Requests/s,Failures/s,50%,66%,75%,80%,90%,95%,98%,99%,99.9%,99.99%,100%
POST,/api/auth/login,100,95,24,326.3281486113556,8.476736024022102,1607.465465000132,55.5,1.728909528134036,1.6424640517273343,25,71,75,120,1500,1600,1600,1600,1600,1600,1600
GET,/api/auth/me,48,0,6,8.24625214530291,3.6456200177781284,57.71977000404149,192.0,0.8298765735043373,0.0,6,7,7,7,8,8,58,58,58,58,58
POST,/api/auth/register,100,95,30,375.70173533953493,17.345321975881234,2050.6459619791713,54.25,1.728909528134036,1.6424640517273343,100,170,550,1100,1500,1500,1500,2100,2100,2100,2100
GET,/api/borrowers,19,0,7,9.167602262766051,4.477504000533372,59.69658598769456,884.0,0.32849281034546685,0.0,7,7,7,7,8,60,60,60,60,60,60
POST,/api/borrowers,5,0,99,98.61633139662445,97.4249409919139,99.13612599484622,75.0,0.0864454764067018,0.0,99,99,99,99,99,99,99,99,99,99,99
GET,/api/deals,47,0,8,9.003639423060529,4.795112006831914,55.51216300227679,324.3404255319149,0.8125874782229969,0.0,8,9,9,9,10,10,56,56,56,56,56
POST,/api/deals,14,0,10,14.606424066836812,8.566964999772608,68.76791798276827,251.5,0.24204733393876504,0.0,11,12,12,12,12,69,69,69,69,69,69
GET,/api/health,203,104,4,4.156070906901732,2.3148460022639483,10.786630009533837,66.06896551724138,3.509686342112093,1.7980659092593976,4,4,4,5,5,5,6,9,11,11,11
,Aggregated,536,294,7,135.70413802604455,2.3148460022639483,2050.6459619791713,129.73694029850745,9.266955070798433,5.0829940127140665,7,20,25,28,170,1500,1500,1600,2100,2100,2100
